Country,Year,lifeInsurancePenetrationRate,Non_LifeInsurancePenetrationRate,TotalInsurancePenetrationRate,InflationRateToconsumerIndex,DomesticCreditToPrivateSector,RuleOfLaw_Estimate,FinancialDevelopmentIndex,EconomicGrowthPercent,TradePercent,FDI
Australia,2000,5.6,2.3,8,4.46,87.6,1.72,0.86,3.9,40.97,3.58
Austria,2000,2.5,2.9,5.4,2.34,92.11,1.81,0.6,3.38,85.36,4.31
Belgium,2000,5,2.6,7.5,2.54,67.48,1.31,0.6,3.72,142.23,37.48
Czech Republic,2000,1,2,3,3.78,44.94,0.61,0.37,4,98.05,8.07
Denmark,2000,3.9,2.2,6.2,2.9,131.97,1.81,0.72,3.75,82.98,21.94
Finland,2000,3.1,1.7,4.8,3.04,50.51,1.95,0.55,5.77,74.89,10.71
France,2000,6.1,2.7,8.8,1.68,77.34,1.43,0.69,3.92,55.86,3.03
Germany,2000,3,3.5,6.4,1.44,114.11,1.61,0.76,2.91,61.53,12.73
Greece,2000,0.9,0.9,1.8,3.15,48.41,0.86,0.49,3.92,58.42,-0.01
Hungary,2000,1.3,1.5,2.8,9.8,31.88,0.83,0.4,4.48,137.41,5.82
Iceland,2000,0.2,2.5,2.7,5.14,93.53,1.8,0.54,4.99,71.14,1.72
Ireland,2000,15.4,4.7,20.1,5.59,69.36,1.54,0.74,9.4,174.95,25.73
Israel,2000,2.5,2.6,5.1,1.05,70.48,1,0.5,8.67,69.3,5.92
Italy,2000,3.2,2.3,5.6,2.54,58.91,0.84,0.76,3.79,50.41,1.15
Japan,2000,5.3,1.9,7.1,-0.68,208.82,1.29,0.73,2.76,19.56,0.22
Korea,2000,8.2,2.6,10.7,2.26,71.75,0.83,0.74,9.06,66.1,2
Luxembourg,2000,23.7,3.5,27.2,3.15,79.54,1.82,0.73,6.94,272.41,20.41
Mexico,2000,0.9,0.8,1.7,9.49,15.04,-0.43,0.3,4.94,52.43,2.6
Netherlands,2000,5.1,3.8,8.9,2.36,111.42,1.74,0.85,4.2,125.52,15.12
Norway,2000,1.9,2.4,4.4,3.09,94.66,1.83,0.6,3.2,68.52,4.87
Poland,2000,0.9,1.8,2.8,9.9,26.43,0.63,0.39,4.56,60.87,5.42
Portugal,2000,3.4,2.7,6.1,2.85,111.56,1.2,0.7,3.82,67.45,6.15
Slovak Republic,2000,0.8,1.2,2,12.04,18.69,0.3,0.21,1.17,108.79,7.47
Slovenia,2000,1.7,3.5,5.2,8.91,40.92,0.97,0.41,3.67,103.95,0.67
Spain,2000,3.7,2.6,6.3,3.43,90.84,1.41,0.85,5.25,60.08,6.77
Sweden,2000,4.7,3.1,7.8,0.9,39.81,1.8,0.74,4.77,81.48,8.68
Switzerland,2000,6.9,4.2,11,1.56,141.86,1.95,0.99,3.96,97.94,8.27
Turkey,2000,0.2,1,1.2,54.92,11.93,-0.07,0.39,6.93,42.35,0.36
United Kingdom,2000,11.2,3.5,14.8,1.18,114.67,1.67,0.87,4.09,52.47,9.85
United States,2000,5,5.2,10.3,3.38,162.62,1.56,0.9,4.08,25.1,3.41
Australia,2001,5.4,2.4,7.8,4.41,88.42,1.74,0.9,2.04,44.25,2.83
Austria,2001,2.6,3,5.6,2.65,89.71,1.83,0.58,1.27,87.54,2.88
Belgium,2001,5,2.6,7.6,2.47,66.3,1.32,0.61,1.1,139.58,37.26
Czech Republic,2001,1.1,2,3.1,4.66,37.11,0.79,0.31,3.04,99.01,8.32
Denmark,2001,4.4,2.2,6.6,2.34,138.83,1.83,0.72,0.82,83.97,5.64
Finland,2001,2.3,1.7,4,2.58,52.65,1.94,0.55,2.61,70.28,2.49
France,2001,5.5,2.8,8.3,1.63,76.98,1.32,0.7,1.98,54.96,3.64
Germany,2001,3,3.4,6.4,1.98,112.42,1.62,0.75,1.68,62.06,2.93
Greece,2001,0.9,0.9,1.7,3.37,50.08,0.79,0.48,4.13,56.14,0
Hungary,2001,1.1,1.6,2.7,9.12,32.64,0.85,0.41,4.07,131.05,7.55
Iceland,2001,0.2,2.6,2.8,6.41,95.1,1.83,0.58,4.01,74.73,1.98
Ireland,2001,9.2,4.3,13.4,4.87,71.78,1.57,0.79,5.31,174.84,8.83
Israel,2001,2.4,2.6,5,1.15,74.52,1.04,0.46,0.33,63.12,1.32
Italy,2001,3.6,2.4,5.9,2.79,60.35,0.79,0.74,1.95,50.03,1.27
Japan,2001,5,1.7,6.7,-0.74,180.2,1.23,0.69,0.39,19.56,0.11
Korea,2001,6.7,2.6,9.3,4.07,103.23,0.86,0.78,4.85,62.22,1.19
Luxembourg,2001,21.8,3.7,25.5,2.66,78.45,1.85,0.72,3.07,270.77,16.62
Mexico,2001,0.7,0.8,1.5,6.37,12.88,-0.38,0.33,-0.4,47.17,3.97
Netherlands,2001,5.3,3.7,9,4.16,110.46,1.73,0.81,2.33,120.04,12.05
Norway,2001,2.3,2.4,4.7,3,96.31,1.84,0.59,2.07,67.23,1.83
Poland,2001,1,1.8,2.8,5.41,23.56,0.65,0.33,1.26,58.16,2.97
Portugal,2001,3.2,2.5,5.7,4.37,115,1.26,0.65,1.94,65.09,5.03
Slovak Republic,2001,0.9,1.2,2.2,7.33,20.62,0.3,0.2,3.25,121.68,4.98
Slovenia,2001,1.7,3.6,5.3,8.38,38.54,0.93,0.47,3.22,104.53,2.4
Spain,2001,3.3,2.7,5.9,3.59,94.93,1.3,0.83,3.93,58,4.6
Sweden,2001,4.8,3,7.8,2.41,89.59,1.82,0.75,1.45,80.59,7.52
Switzerland,2001,6.8,4.9,11.7,0.99,136.66,1.94,0.98,1.58,96.04,3.41
Turkey,2001,0.2,0.9,1.1,54.4,13.48,-0.07,0.34,-5.75,49.87,1.66
United Kingdom,2001,9.2,4,13.2,1.53,119.88,1.66,0.9,2.16,52.81,3.4
United States,2001,4.3,5.8,10.1,2.83,170.85,1.54,0.91,0.95,22.97,1.63
Australia,2002,4.7,2.6,7.3,2.98,91.27,1.77,0.93,3.99,41.47,3.71
Austria,2002,2.5,3.1,5.5,1.81,88.52,1.86,0.57,1.65,86.95,0.06
Belgium,2002,5.3,2.7,8,1.65,64.13,1.34,0.59,1.71,136.09,7.01
Czech Republic,2002,1.3,2.1,3.4,1.9,23.66,0.86,0.33,1.57,91.33,10.34
Denmark,2002,4.7,2.9,7.6,2.42,141.6,1.88,0.6,0.47,84.56,2.48
Finland,2002,2.2,1.8,4,1.57,55.42,1.9,0.52,1.71,69.3,5.77
France,2002,5.4,2.9,8.2,1.92,76.07,1.21,0.7,1.14,53.07,3.43
Germany,2002,3,3.6,6.7,1.42,111.43,1.63,0.73,-0.2,60.93,2.47
Greece,2002,0.8,1,1.8,3.63,53.34,0.72,0.46,3.92,50.35,0.02
Hungary,2002,1.2,1.7,2.9,5.27,34.36,0.87,0.42,4.74,118.32,5.39
Iceland,2002,0.3,2.6,2.9,5.2,100.56,1.86,0.59,0.56,69.43,0.99
Ireland,2002,9.5,4.7,13.3,4.61,75.41,1.6,0.68,5.9,163.72,22.8
Israel,2002,2.5,2.6,5.1,5.76,77.32,1.07,0.46,-0.11,66.53,1.27
Italy,2002,4.1,2.5,6.6,2.47,62.06,0.74,0.73,0.25,48.06,1.35
Japan,2002,4.9,1.8,6.7,-0.92,177.92,1.15,0.71,0.04,20.45,0.28
Korea,2002,6.3,2.6,8.9,2.76,112.65,0.92,0.8,7.73,58.35,0.87
Luxembourg,2002,20.7,3.7,24.4,2.07,67.49,1.87,0.71,3.23,250.69,17.94
Mexico,2002,0.8,0.9,1.7,5.03,14.89,-0.35,0.29,-0.04,46.7,2.61
Netherlands,2002,4.7,3.9,8.7,3.29,109.19,1.71,0.8,0.22,113.46,5.38
Norway,2002,2.5,2.7,5.2,1.29,102.53,1.85,0.56,1.45,62.66,1.54
Poland,2002,1,1.8,2.8,1.91,12.87,0.67,0.27,2.04,60.99,2.06
Portugal,2002,3.2,2.7,5.8,3.6,119.05,1.31,0.65,0.77,62.31,0.44
Slovak Republic,2002,1,1.3,2.3,3.13,22.69,0.29,0.22,4.51,120.37,11.93
Slovenia,2002,1.7,3.6,5.3,7.48,35.22,0.88,0.45,3.51,103.65,7.87
Spain,2002,3.5,2.9,6.4,3.07,99.32,1.23,0.81,2.73,55.1,5.55
Sweden,2002,4.5,3,7.5,2.16,89.8,1.84,0.7,2.2,77.22,6.89
Switzerland,2002,7.2,4.9,12,0.64,137.51,1.92,0.97,-0.07,91.78,2.67
Turkey,2002,0.2,0.8,1,44.96,15.98,-0.08,0.37,6.45,47.98,0.45
United Kingdom,2002,8.8,4.3,13.1,1.52,124.86,1.65,0.84,1.77,51.31,5.03
United States,2002,4.4,5.8,10.2,1.59,162.4,1.52,0.9,1.7,22.29,1.02
Australia,2003,3.9,2.7,6.5,2.73,99.19,1.84,0.92,3.11,40.22,1.92
Austria,2003,2.4,3.3,5.6,1.36,87.81,1.85,0.61,0.94,86.39,2.36
Belgium,2003,6.2,2.7,9,1.59,62.53,1.33,0.59,1.04,132.72,10.86
Czech Republic,2003,1.5,2.3,3.7,0.12,24.33,0.87,0.35,3.58,94.97,2.02
Denmark,2003,4.1,2.7,6.8,2.08,140.1,1.92,0.62,0.39,80.88,0.54
Finland,2003,1.9,1.8,3.6,0.88,60.27,1.96,0.53,2,68.06,3.48
France,2003,5.6,3,8.7,2.1,75.57,1.33,0.71,0.82,50.8,2.3
Germany,2003,3.2,3.7,6.9,1.03,109.94,1.64,0.74,-0.7,61.85,2.61
Greece,2003,0.8,1,1.8,3.53,57.15,0.79,0.48,5.79,48.19,0.7
Hungary,2003,1.2,1.7,2.9,4.66,36.47,0.81,0.43,4.07,116.63,4.87
Iceland,2003,0.4,2.8,3.1,2.06,125.15,1.92,0.61,2.14,68.2,2.93
Ireland,2003,9.8,5,14.9,3.49,85.72,1.48,0.71,3.01,146.53,13.83
Israel,2003,2.4,2.5,4.9,0.73,73.91,0.91,0.47,1.39,67.71,2.53
Italy,2003,4.5,2.5,7,2.67,65.33,0.69,0.74,0.14,46.15,1.24
Japan,2003,4.9,1.7,6.7,-0.26,177.54,1.16,0.74,1.54,21.33,0.19
Korea,2003,6,2.5,8.5,3.51,111.12,0.8,0.78,3.15,61.17,1
Luxembourg,2003,22.7,2.6,25.4,2.05,69.05,1.83,0.71,2.62,244.98,14.46
Mexico,2003,0.6,0.9,1.5,4.55,15.37,-0.38,0.29,1.45,50.21,2.49
Netherlands,2003,4.8,4.2,8.9,2.09,108.81,1.71,0.83,0.16,111.92,3.53
Norway,2003,2.7,2.8,5.5,2.49,106.84,1.88,0.58,0.91,57.91,1.83
Poland,2003,1.1,1.8,2.9,0.68,13.33,0.51,0.3,3.5,69.45,2.47
Portugal,2003,3.6,2.7,6.4,3.22,120.67,1.28,0.65,-0.93,61.14,6.27
Slovak Republic,2003,1,1.4,2.4,8.55,25.92,0.33,0.23,5.5,125.15,2.07
Slovenia,2003,1.7,3.7,5.4,5.54,41.42,0.85,0.43,2.96,102.32,1.81
Spain,2003,2.3,3,5.2,3.04,106.6,1.25,0.83,2.98,53.46,3.39
Sweden,2003,4.1,3,7.1,1.93,89.84,1.89,0.69,2.31,75.25,1.8
Switzerland,2003,6.6,4.4,11,0.64,140.89,1.9,0.95,-0.03,90.34,5.45
Turkey,2003,0.2,0.8,1.1,21.6,19.43,0.1,0.37,5.76,46.23,0.54
United Kingdom,2003,8.4,5.1,13.5,1.38,129.51,1.67,0.86,3.12,50.12,1.75
United States,2003,4.4,6.1,10.5,2.27,177.4,1.55,0.91,2.8,22.63,1.02
Australia,2004,3.9,2.5,6.4,2.34,102.67,1.8,0.92,4.22,37.03,6.98
Austria,2004,2.5,3.1,5.6,2.06,87.77,1.82,0.66,2.74,90.79,1.06
Belgium,2004,6.7,2.7,9.4,2.1,61.84,1.31,0.62,3.57,136.92,12.05
Czech Republic,2004,1.4,2.2,3.6,2.76,25.68,0.76,0.39,4.81,113.49,5.36
Denmark,2004,4.1,2.7,6.8,1.15,145.65,1.93,0.65,2.67,82.21,-3.5
Finland,2004,1.8,1.8,3.6,0.19,63.73,1.94,0.55,3.99,70.96,3.43
France,2004,6.2,3,9.2,2.14,76.62,1.43,0.73,2.83,51.93,1.68
Germany,2004,3.2,3.8,7,1.67,106.44,1.62,0.75,1.18,66.23,-0.73
Greece,2004,0.9,1,1.9,2.9,62.29,0.9,0.51,5.06,49.9,0.89
Hungary,2004,1.2,1.7,2.8,6.74,38.91,0.85,0.44,5,123.45,4.36
Iceland,2004,0.4,2.4,2.8,3.16,157.8,1.91,0.61,7.8,70.43,5.46
Ireland,2004,12.2,4.6,16.8,2.2,104.9,1.51,0.73,6.79,146.59,-5.46
Israel,2004,2.4,2.5,4.9,-0.41,72.05,0.85,0.5,4.78,75.65,2.11
Italy,2004,4.6,2.5,7.1,2.21,67.73,0.59,0.74,1.42,47.43,1.11
Japan,2004,5.1,1.5,6.6,-0.01,170.77,1.25,0.75,2.19,23.66,0.15
Korea,2004,5.9,2.5,8.4,3.59,105.86,0.91,0.79,5.2,70.02,1.68
Luxembourg,2004,25.8,2.7,28.5,2.23,66,1.84,0.72,4.23,265.23,14.77
Mexico,2004,0.7,0.9,1.6,4.69,14.78,-0.41,0.32,3.92,53.49,3.21
Netherlands,2004,4.7,4.4,9.1,1.26,112.81,1.74,0.84,1.98,117.61,21.25
Norway,2004,3,2.7,5.7,0.45,105.32,1.96,0.65,3.97,58.8,1.86
Poland,2004,1.1,1.8,2.9,3.38,26.28,0.42,0.35,4.98,71.45,5.44
Portugal,2004,4,2.7,6.7,2.37,121.19,1.23,0.67,1.79,63.2,1.31
Slovak Republic,2004,1,1.5,2.6,7.55,27.56,0.46,0.24,5.28,139.65,7.07
Slovenia,2004,1.7,3.7,5.4,3.59,49.29,0.91,0.51,4.36,111.56,2.22
Spain,2004,2.3,3,5.3,3.04,116.01,1.13,0.84,3.12,54.52,2.36
Sweden,2004,4.2,3.1,7.3,0.37,91.5,1.87,0.71,4.34,78.59,4.38
Switzerland,2004,6,4.4,10.4,0.8,142.7,1.89,0.79,2.7,95.52,1.76
Turkey,2004,0.2,0.9,1.1,8.6,22.94,0.08,0.38,9.8,48.83,0.68
United Kingdom,2004,8.4,4.5,13,1.39,137.05,1.61,0.87,2.34,50.33,3.59
United States,2004,4.4,6,10.4,2.68,184.81,1.42,0.91,3.85,24.45,1.75
Australia,2005,3.7,2.4,6,2.69,108.49,1.71,0.93,3.15,39.18,-3.61
Austria,2005,2.5,2.9,5.5,2.3,94.32,1.85,0.68,2.24,94.03,25.66
Belgium,2005,8.1,2.6,10.8,2.78,63.6,1.26,0.65,2.32,144.53,8.73
Czech Republic,2005,1.4,2.2,3.5,1.86,29.22,0.86,0.43,6.6,121.3,10.01
Denmark,2005,5.2,2.7,7.9,1.82,157.54,1.94,0.66,2.34,89.4,4.86
Finland,2005,1.9,1.9,3.7,0.62,69.25,1.95,0.55,2.78,76.58,5.3
France,2005,6.8,3.1,9.9,1.75,80.15,1.41,0.72,1.66,53.98,3.88
Germany,2005,3.4,3.7,7.1,1.55,105.45,1.65,0.76,0.73,70.92,2.1
Greece,2005,1,1,1.9,3.55,72.01,0.78,0.54,0.6,50.9,0.28
Hungary,2005,1.3,1.7,3,3.56,43.21,0.84,0.5,4.29,127.81,24.28
Iceland,2005,0.3,2.4,2.7,3.99,239.56,1.94,0.61,6.12,72.45,18.36
Ireland,2005,13.8,4.3,18,2.43,124.64,1.58,0.74,5.74,148.18,22.18
Israel,2005,2.4,2.7,5.1,1.31,74.81,0.81,0.52,4.13,79.13,3.28
Italy,2005,5.1,2.5,7.6,1.99,70.85,0.51,0.75,0.82,49.3,1.98
Japan,2005,5.3,1.5,6.8,-0.28,168.25,1.22,0.8,1.8,26.23,0.11
Korea,2005,6.4,2.6,9,2.75,110.3,0.97,0.79,4.31,68.32,1.46
Luxembourg,2005,30.4,3.1,33.5,2.49,71.27,1.82,0.73,2.48,284.08,12.33
Mexico,2005,0.6,0.9,1.4,3.99,16.01,-0.38,0.34,2.31,53.94,2.87
Netherlands,2005,4.5,4.3,8.7,1.69,116.36,1.75,0.84,2.05,122.81,30.63
Norway,2005,3.1,2.5,5.5,1.53,106.95,1.91,0.71,2.63,58.02,3.26
Poland,2005,1.5,1.5,3.1,2.18,27.12,0.47,0.37,3.51,70.53,3.61
Portugal,2005,5.7,2.6,8.3,2.28,124.77,1.22,0.69,0.78,62.94,1.71
Slovak Republic,2005,1.1,1.4,2.5,2.71,30.61,0.49,0.23,6.62,147.73,6.25
Slovenia,2005,1.6,3.6,5.2,2.45,52.29,0.88,0.5,3.8,120.26,2.68
Spain,2005,2.3,3,5.3,3.37,135.98,1.12,0.85,3.65,54.76,2.34
Sweden,2005,4.6,3,7.6,0.45,99.14,1.8,0.73,2.86,83.75,5.3
Switzerland,2005,5.7,4,9.7,1.17,146.38,1.9,0.81,2.75,102.26,0.64
Turkey,2005,0.2,0.9,1,8.18,25.58,0.12,0.43,8.99,46.14,1.98
United Kingdom,2005,9,4.1,13.1,2.09,143.03,1.56,0.88,2.67,52.54,9.93
United States,2005,4.3,6,10.2,3.39,188.63,1.53,0.91,3.48,25.64,1.09
Australia,2006,3.6,2.3,5.9,3.56,113.68,1.76,0.94,2.74,41.59,4.08
Austria,2006,2.4,2.9,5.3,1.44,94.44,1.9,0.71,3.45,98.09,3.12
Belgium,2006,6.3,2.6,8.9,1.79,65.83,1.22,0.68,2.55,149.57,14.41
Czech Republic,2006,1.3,2.1,3.4,2.53,33.84,0.86,0.4,6.77,127.03,4.56
Denmark,2006,5.5,2.7,8.2,1.92,169.04,1.98,0.7,3.91,97.37,0.84
Finland,2006,1.7,1.8,3.5,1.57,73.4,1.96,0.59,4.03,81.98,2.14
France,2006,7.9,4.3,12.1,1.68,84.26,1.46,0.83,2.45,56.1,3.4
Germany,2006,3.1,3.6,6.7,1.58,102.07,1.77,0.78,3.82,77.45,2.92
Greece,2006,1.1,1.1,2.2,3.2,76.28,0.86,0.58,5.65,52.85,1.98
Hungary,2006,1.7,1.7,3.3,3.93,47.23,0.98,0.53,3.95,149.01,16.14
Iceland,2006,0.2,2.4,2.7,6.69,304.58,1.88,0.6,6.32,77.54,22.2
Ireland,2006,15.5,4,19.5,3.93,144.57,1.71,0.76,4.99,150.02,9.51
Israel,2006,2.4,2.7,5,2.06,72.72,0.89,0.55,5.58,79.09,9.07
Italy,2006,4.7,2.5,7.2,2.09,75.77,0.38,0.77,1.79,53.17,2.92
Japan,2006,5.2,1.5,6.7,0.25,166.05,1.35,0.83,1.37,30.02,-0.05
Korea,2006,6.6,2.9,9.6,2.24,122.22,0.84,0.8,5.26,70.65,0.87
Luxembourg,2006,31.2,3,34.2,2.67,74.72,1.69,0.74,6.02,305.88,75.09
Mexico,2006,0.7,0.8,1.5,3.63,19.2,-0.47,0.33,4.5,56.09,2.27
Netherlands,2006,4.4,3.4,7.8,1.1,113.52,1.77,0.86,3.46,127.77,51.16
Norway,2006,2.5,2.2,4.7,2.33,97.53,1.97,0.73,2.4,59.6,3.44
Poland,2006,2,1.5,3.5,1.28,31.21,0.38,0.41,6.13,77.97,6.23
Portugal,2006,5.2,2.5,7.7,3.11,133.41,0.98,0.73,1.63,68.55,6.42
Slovak Republic,2006,1.2,1.3,2.6,4.48,33.75,0.49,0.24,8.49,164.63,8.06
Slovenia,2006,1.6,3.7,5.3,2.46,60.01,0.9,0.51,5.75,129.79,1.75
Spain,2006,2.3,3,5.3,3.52,156.76,1.12,0.89,4.1,56.18,2.61
Sweden,2006,4,2.8,6.9,1.36,102.59,1.85,0.78,4.66,88.2,5.21
Switzerland,2006,5,3.8,8.9,1.06,150.18,1.8,0.82,4.07,106.25,12.17
Turkey,2006,0.1,0.9,1,9.6,27.12,0,0.44,6.95,48.76,3.62
United Kingdom,2006,15.1,3.2,18.3,2.46,154.02,1.77,0.92,2.16,56.8,7.51
United States,2006,4.3,6,10.3,3.23,198.28,1.59,0.91,2.78,26.98,2.16
Australia,2007,4.2,2.2,6.4,2.33,120.59,1.74,0.97,3.78,42.04,5.2
Austria,2007,2.2,2.9,5.1,2.17,92.92,1.94,0.73,3.73,100.73,17.69
Belgium,2007,6.5,2.6,9,1.82,68.44,1.32,0.73,3.68,152.47,20.5
Czech Republic,2007,1.4,2,3.4,2.85,38.68,0.88,0.4,5.57,129.78,7.26
Denmark,2007,5.8,3,8.9,1.69,184.49,2,0.71,0.91,100.07,3.7
Finland,2007,1.5,1.7,3.2,2.51,76.28,1.9,0.59,5.3,82.86,8.57
France,2007,7.2,3.9,11.1,1.49,88.81,1.46,0.82,2.42,56.42,3.15
Germany,2007,3,3.5,6.5,2.3,97.13,1.76,0.77,2.98,79.87,1.48
Greece,2007,1.1,1.1,2.2,2.9,84.54,0.86,0.62,3.27,57.52,0.61
Hungary,2007,2,1.6,3.6,7.96,53.17,0.94,0.56,0.28,155.5,50.38
Iceland,2007,0.2,2.4,2.7,5.05,246.61,1.83,0.61,8.45,74.67,31.74
Ireland,2007,19.3,3.8,23.1,4.9,158.1,1.73,0.77,5.31,153.4,22.19
Israel,2007,2.4,2.5,4.9,0.46,65.96,0.82,0.58,6.03,79.61,4.78
Italy,2007,4,2.4,6.4,1.83,81.8,0.47,0.78,1.49,55.06,2.98
Japan,2007,5.7,1.5,7.2,0.06,159.64,1.32,0.84,1.48,32.82,0.47
Korea,2007,6.8,3,9.8,2.53,129.14,1.01,0.82,5.8,73.87,0.75
Luxembourg,2007,26.6,3.2,29.7,2.31,85.31,1.75,0.74,8.1,307.49,-57.53
Mexico,2007,0.7,0.9,1.7,3.97,21.4,-0.54,0.38,2.29,56.8,2.95
Netherlands,2007,4.3,3.3,7.6,1.61,113.37,1.77,0.85,3.77,130.46,86.48
Norway,2007,3,1.9,4.9,0.71,107.52,1.93,0.78,2.99,58.43,6.19
Poland,2007,2.1,1.5,3.6,2.46,37.12,0.41,0.44,7.06,80.83,5.83
Portugal,2007,5.2,2.4,7.6,2.45,142.24,1,0.8,2.51,69.95,2.5
Slovak Republic,2007,1.3,1.4,2.7,2.76,37.38,0.43,0.26,10.83,166.33,5.84
Slovenia,2007,1.7,3.7,5.4,3.66,71.06,0.95,0.55,6.98,137.13,3.92
Spain,2007,2.2,2.9,5.1,2.79,167.95,1.15,0.89,3.6,57.75,4.63
Sweden,2007,3.1,2.8,5.9,2.21,110.98,1.89,0.8,3.44,89.16,9.39
Switzerland,2007,4.9,3.6,8.5,0.73,153.6,1.83,1,3.92,113.33,9.92
Turkey,2007,0.2,1.1,1.2,8.76,30.22,-0.04,0.46,5.04,47.85,3.24
United Kingdom,2007,16.7,3,19.7,2.39,170.23,1.72,0.95,2.56,52.83,6.77
United States,2007,4.9,5.9,10.8,2.85,206.35,1.61,0.91,2.01,28.01,2.39
Australia,2008,3.6,2.1,5.7,4.35,121.76,1.76,0.89,3.57,42.86,4.28
Austria,2008,2.5,3,5.5,3.22,95.81,1.91,0.74,1.46,102.07,1.46
Belgium,2008,5.5,2.6,8.2,4.49,62.76,1.34,0.71,0.45,161.09,36.8
Czech Republic,2008,1.4,2,3.4,6.36,43.23,0.9,0.43,2.69,123.74,3.72
Denmark,2008,6.2,3,9.2,3.42,191.19,1.95,0.67,-0.51,104.83,0.62
Finland,2008,1.4,1.7,3.1,4.07,80.1,1.91,0.55,0.78,86.18,6.79
France,2008,6.1,3,9.1,2.81,92.53,1.5,0.8,0.25,57.4,2.32
Germany,2008,3,3.5,6.4,2.63,97,1.73,0.74,0.96,81.52,0.83
Greece,2008,1,1.1,2.2,4.15,89.29,0.85,0.67,-0.34,59.33,1.61
Hungary,2008,1.7,1.5,3.2,6.04,59.32,0.91,0.53,1,158.33,47.44
Iceland,2008,0.2,2.3,2.5,12.69,192.82,1.85,0.56,2.21,82.69,6.66
Ireland,2008,15.1,3.9,19,4.06,166.32,1.7,0.78,-4.48,160.04,8.45
Israel,2008,2.5,2.5,5,4.56,69.23,0.84,0.64,3.25,76.1,4.66
Italy,2008,3.4,2.4,5.8,3.35,83.69,0.45,0.76,-0.96,54.49,-0.39
Japan,2008,6.6,1.5,8.1,1.38,157.78,1.31,0.8,-1.22,34.13,0.48
Korea,2008,6.4,3.2,9.6,4.67,141.95,0.86,0.78,3.01,95.52,1.07
Luxembourg,2008,24.4,2.7,27.1,3.4,101.15,1.79,0.75,-0.3,292.21,12.09
Mexico,2008,0.8,0.9,1.7,5.12,20.67,-0.69,0.38,1.14,57.78,2.68
Netherlands,2008,4.1,3.3,7.4,2.49,110.92,1.75,0.77,2.17,131.06,20.54
Norway,2008,3.1,2.2,5.2,3.75,119.94,1.96,0.72,0.48,64.41,4.45
Poland,2008,3,1.5,4.6,4.16,47.28,0.55,0.47,4.2,80.91,2.73
Portugal,2008,6.1,2.3,8.4,2.59,151.48,1.01,0.74,0.32,72.08,2.97
Slovak Republic,2008,1.6,1.4,3,4.6,40.68,0.53,0.25,5.57,162.07,4.6
Slovenia,2008,1.7,3.6,5.3,5.65,76.4,1.01,0.5,3.51,134.73,1.94
Spain,2008,2.5,2.9,5.3,4.08,171.19,1.18,0.84,0.89,55.98,4.54
Sweden,2008,2.8,2.8,5.6,3.44,117.71,1.92,0.77,-0.45,92.56,8
Switzerland,2008,5.2,4.2,9.4,2.43,145.87,1.8,0.98,2.81,116.78,0.53
Turkey,2008,0.2,1.1,1.2,10.44,33.38,0.02,0.44,0.82,50.55,2.58
United Kingdom,2008,11.7,3,14.7,3.52,191.04,1.7,0.87,-0.15,56.41,8.65
United States,2008,5,5.8,10.8,3.84,185.13,1.63,0.87,0.12,29.87,2.31
Australia,2009,3.1,2.2,5.3,1.77,122.52,1.73,0.93,1.87,45.75,3.09
Austria,2009,2.5,3.1,5.7,0.51,97.74,1.78,0.66,-3.76,87.06,3.56
Belgium,2009,5.3,2.8,8.1,-0.05,58.68,1.38,0.68,-2.02,135.41,16.01
Czech Republic,2009,1.5,2.1,3.6,1.02,44.98,0.96,0.44,-4.66,112.8,2.54
Denmark,2009,6.4,3,9.4,1.3,201.26,1.92,0.73,-4.91,89.76,1.17
Finland,2009,1.8,1.8,3.7,0,86.3,1.96,0.6,-8.07,70.12,-3.48
France,2009,1.7,3.1,10.3,0.09,95.07,1.45,0.78,-2.87,50.46,0.68
Germany,2009,3,3.5,6.5,0.31,98.77,1.65,0.75,-5.69,71.23,1.66
Greece,2009,1,1.2,2.2,1.21,88.02,0.65,0.63,-4.3,47.74,0.83
Hungary,2009,1.6,1.5,3.1,4.21,59.78,0.77,0.57,-6.6,145,-2.13
Iceland,2009,0.2,1.9,2.1,12,172.59,1.71,0.55,-7.66,89.39,0.48
Ireland,2009,15.9,3.7,19.6,-4.48,169.25,1.74,0.75,-5.1,173.59,22.83
Israel,2009,2.4,2.5,4.9,3.34,65.51,0.84,0.61,0.88,62.6,2.17
Italy,2009,5.1,2.3,7.5,0.77,87.56,0.4,0.78,-5.28,45.42,0.75
Japan,2009,6.9,1.5,8.4,-1.35,164.79,1.29,0.81,-5.69,24.39,0.23
Korea,2009,6.3,3.5,9.7,2.76,138.09,0.99,0.82,0.79,86.13,0.96
Luxembourg,2009,39.6,2.9,42.5,0.37,100.97,1.82,0.74,-3.24,263.53,50.04
Mexico,2009,0.9,1.1,1.9,5.3,22.65,-0.56,0.36,-5.29,55.97,2.18
Netherlands,2009,3.5,3.7,7.2,1.19,117.23,1.81,0.8,-3.67,116.89,11
Norway,2009,3.1,2.4,5.5,2.2,128.12,1.87,0.77,-1.73,55.15,2.24
Poland,2009,2.2,1.5,3.7,3.8,47.04,0.65,0.44,2.83,75.27,3.19
Portugal,2009,5.7,2.1,7.9,-0.84,159.86,1.06,0.7,-3.12,61.49,2.28
Slovak Republic,2009,1.7,1.6,3.2,1.62,44.89,0.53,0.26,-5.46,136.24,1.7
Slovenia,2009,1.3,4,5.3,0.84,83.07,1.07,0.55,-7.55,113.12,-0.69
Spain,2009,2.7,2.9,5.6,-0.29,173.98,1.16,0.88,-3.76,46.99,0.64
Sweden,2009,3,2.4,5.4,-0.49,123.93,1.96,0.8,-4.34,81.51,2.05
Switzerland,2009,4.8,4,8.8,-0.48,155.19,1.74,0.98,-2.3,109.78,8.6
Turkey,2009,0.2,1,1.2,6.25,37.08,0.05,0.48,-4.82,46.79,1.32
United Kingdom,2009,10.4,2.9,13.3,1.96,192.06,1.73,0.9,-4.51,54.59,0.6
United States,2009,5.1,6,11.1,-0.36,187.48,1.59,0.9,-2.6,24.76,1.11
Australia,2010,3,2.1,5.1,2.92,125.23,1.76,0.95,2.21,40.52,3.07
Austria,2010,2.5,3.1,5.6,1.81,98.53,1.8,0.66,1.84,99.02,-5.61
Belgium,2010,5.3,2.6,7.9,2.19,56.8,1.42,0.67,2.86,150,26.07
Czech Republic,2010,1.8,2.1,3.9,1.47,46.33,0.93,0.44,2.43,128.03,4.86
Denmark,2010,6.7,3.1,9.8,2.31,193.04,1.9,0.73,1.87,94.1,-3.65
Finland,2010,2.8,1.8,4.6,1.18,88.14,1.96,0.63,3.19,75.46,4.9
France,2010,1.7,3.1,10.2,1.53,95.88,1.5,0.8,1.95,54.87,1.47
Germany,2010,3.1,3.6,6.7,1.1,88.49,1.64,0.74,4.18,79.87,2.53
Greece,2010,1,1.3,2.3,4.71,112.55,0.58,0.63,-5.48,51.2,0.18
Hungary,2010,1.6,1.4,3,4.86,60.19,0.77,0.56,1.08,157.46,-15.71
Iceland,2010,0.2,2.5,2.8,5.4,159.58,1.71,0.51,-2.83,93.65,1.87
Ireland,2010,16.2,3.9,20.2,-0.92,133.32,1.76,0.73,1.68,189.93,17.01
Israel,2010,2.5,2.3,4.8,2.72,67.3,0.91,0.64,5.67,66.44,2.93
Italy,2010,5.6,2.2,7.8,1.53,93.05,0.45,0.76,1.71,52.01,0.46
Japan,2010,6.8,1.5,8.3,-0.73,157.89,1.32,0.82,4.1,28.5,0.13
Korea,2010,6.1,3.8,9.9,2.94,130.04,1.01,0.81,6.8,91.4,0.83
Luxembourg,2010,45.7,2.8,48.5,2.27,86.12,1.84,0.74,3.76,293.67,69.61
Mexico,2010,0.8,1,1.8,4.16,23.33,-0.55,0.38,5.12,60.76,2.89
Netherlands,2010,2.8,2.9,5.8,1.28,113.67,1.81,0.8,1.34,131.52,13.66
Norway,2010,2.6,2.2,4.8,2.42,128.32,1.89,0.74,0.7,58.25,5.05
Poland,2010,2.2,1.5,3.7,2.58,49.12,0.71,0.44,2.93,82.55,3.9
Portugal,2010,6.6,2,8.6,1.4,155.6,1.03,0.72,1.74,67.78,3.77
Slovak Republic,2010,1.6,1.4,3.1,0.96,44.32,0.56,0.28,6.72,153.45,2.32
Slovenia,2010,1.3,3.9,5.3,1.8,85.06,1,0.51,1.34,127.49,0.66
Spain,2010,2.6,2.7,5.3,1.8,172.03,1.16,0.84,0.16,52.93,2.57
Sweden,2010,2.5,2.3,4.8,1.16,122.52,1.93,0.8,5.95,84.25,0.13
Switzerland,2010,4.8,3.9,8.7,0.69,153.94,1.75,0.97,3.24,120.07,2.95
Turkey,2010,0.2,1,1.2,8.57,44.36,0.05,0.49,8.43,46.69,1.17
United Kingdom,2010,9.3,3,12.3,2.49,184.16,1.77,0.9,2.43,58.81,2.68
United States,2010,4.9,5.9,10.8,1.64,181.92,1.63,0.91,2.71,28.22,1.75
Australia,2011,3,2.1,5,3.3,122.18,1.73,0.95,2.39,41.84,4.69
Austria,2011,2.2,3.1,5.3,3.29,96.06,1.8,0.65,2.92,105.1,5.32
Belgium,2011,4.9,2.7,7.6,3.53,55.42,1.43,0.67,1.69,161.49,31.27
Czech Republic,2011,1.8,2,3.8,1.92,48.32,1.02,0.45,1.76,137.86,1.82
Denmark,2011,6.7,3.1,9.8,2.76,187.24,1.92,0.68,1.34,101.25,3.94
Finland,2011,1.9,1.7,3.6,3.42,89.38,1.94,0.61,2.55,78.58,-2.18
France,2011,6.1,3.1,9.2,2.11,96.83,1.43,0.81,2.19,58.79,1.54
Germany,2011,3,3.5,6.5,2.08,84.9,1.62,0.72,3.93,85.21,2.6
Greece,2011,1.1,1.3,2.4,3.33,119.3,0.53,0.62,-10.15,56.83,0.39
Hungary,2011,1.6,1.3,2.8,3.93,58.35,0.76,0.53,1.87,166.43,7.57
Iceland,2011,0.2,2.5,2.7,4,136.39,1.69,0.58,1.85,101.41,7.27
Ireland,2011,14.7,3.7,18.4,2.56,115.69,1.75,0.66,0.83,187.84,9.92
Israel,2011,2.5,2.3,4.8,3.48,67.7,1.01,0.62,5.56,69.66,3.24
Italy,2011,4.5,2.2,6.7,2.78,94.06,0.48,0.74,0.71,55.15,1.5
Japan,2011,7.2,1.5,8.7,-0.27,156.99,1.3,0.8,0.02,30.19,-0.01
Korea,2011,6.2,4.2,10.4,4.03,132.54,1.03,0.83,3.69,105.57,0.78
Luxembourg,2011,27.6,2.9,30.5,3.41,84.18,1.82,0.72,1.04,308.71,14.33
Mexico,2011,0.9,1,1.9,3.41,24.55,-0.55,0.37,3.66,63.47,2.02
Netherlands,2011,3.3,3.1,6.4,2.34,114.5,1.81,0.78,1.55,142.47,36.68
Norway,2011,2.6,2.2,4.8,1.28,125.75,1.86,0.74,0.98,59.24,2.07
Poland,2011,2,1.6,3.6,4.24,51.82,0.79,0.47,5.04,87.28,3.47
Portugal,2011,4.1,2.1,6.1,3.65,156.26,1,0.67,-1.7,73.1,4.01
Slovak Republic,2011,1.6,1.4,3,3.92,45.91,0.6,0.28,2.67,167.99,5.44
Slovenia,2011,1.3,3.9,5.2,1.8,81.85,1.05,0.48,0.86,139.28,1.7
Spain,2011,2.7,2.8,5.5,3.2,167.8,1.17,0.83,-0.81,58.79,1.81
Sweden,2011,2.4,2.2,4.6,2.96,123.99,1.92,0.8,3.2,85.79,1.22
Switzerland,2011,4.8,3.9,8.7,0.23,156.32,1.72,0.99,1.81,125.56,2.9
Turkey,2011,0.2,1,1.2,6.47,49.06,0.02,0.48,11.2,53.3,1.93
United Kingdom,2011,8.7,3,11.7,3.86,170.2,1.66,0.9,1.07,63.16,1.01
United States,2011,5,6,11,3.16,174.47,1.59,0.89,1.55,30.84,1.69
Australia,2012,2.7,2.2,4.9,1.76,121.23,1.76,0.92,3.9,43.17,3.72
Austria,2012,2,3.1,5.1,2.49,94.22,1.86,0.62,0.68,105.15,1.27
Belgium,2012,5.5,2.8,8.2,2.84,54.74,1.45,0.66,0.74,160.75,2.38
Czech Republic,2012,1.8,1.9,3.7,3.29,49.41,1.02,0.46,-0.79,146.53,4.52
Denmark,2012,6.8,3.1,9.9,2.4,182.1,1.88,0.71,0.23,103.24,-5
Finland,2012,1.9,1.7,3.6,2.81,91.77,1.94,0.65,-1.4,79.17,1.91
France,2012,5.4,3.2,8.6,1.95,96.55,1.44,0.76,0.31,59.7,1.23
Germany,2012,3,3.6,6.6,2.01,83.81,1.67,0.73,0.42,86.51,1.86
Greece,2012,1,1.3,2.3,1.5,118.57,0.39,0.53,-7.09,62.06,0.69
Hungary,2012,1.4,1.2,2.6,5.65,50.28,0.61,0.46,-1.25,165.65,8.4
Iceland,2012,0.2,2.5,2.7,5.19,117.84,1.68,0.55,1.06,104.09,6.94
Ireland,2012,16,3.8,19.8,1.7,111.27,1.73,0.67,-0.01,191.45,25.75
Israel,2012,2.6,2.3,4.8,1.69,66.6,0.93,0.59,2.59,70.74,3.44
Italy,2012,4.3,2.2,6.5,3.04,93.76,0.43,0.76,-2.98,55.65,0
Japan,2012,6.7,1.5,8.2,-0.04,157.59,1.35,0.81,1.37,30.47,0.01
Korea,2012,7.4,4.7,12.1,2.19,130.75,0.98,0.85,2.4,105.46,0.74
Luxembourg,2012,38.8,2.8,41.6,2.66,83.58,1.79,0.72,1.65,311.79,4.72
Mexico,2012,0.9,1,1.9,4.11,26.05,-0.54,0.38,3.64,65.77,1.52
Netherlands,2012,2.9,3.1,6,2.46,116.95,1.85,0.74,-1.03,149.27,28.57
Norway,2012,2.8,2.3,5.1,0.7,123.47,1.95,0.68,2.7,57.02,5.48
Poland,2012,2.2,1.6,3.8,3.56,50.62,0.82,0.45,1.55,89.27,1.45
Portugal,2012,4,2,6,2.77,152.95,1.04,0.64,-4.06,76.05,9.9
Slovak Republic,2012,1.6,1.3,2.9,3.61,46.21,0.49,0.27,1.32,176.17,1.88
Slovenia,2012,1.3,4,5.3,2.6,79.27,1.01,0.46,-2.64,142.38,0.07
Spain,2012,2.5,2.8,5.4,2.45,158.18,1.04,0.82,-2.96,60.85,1.57
Sweden,2012,2.4,1.8,4.1,0.89,128.1,1.93,0.8,-0.59,85.28,0.77
Switzerland,2012,4.8,4,8.8,-0.69,162.23,1.81,0.95,1.18,126.45,5.82
Turkey,2012,0.2,1.1,1.3,8.89,51.84,-0.04,0.49,4.79,52.83,1.56
United Kingdom,2012,9.5,3,12.5,2.57,160.8,1.73,0.9,1.45,61.89,1.73
United States,2012,5.1,6,11.1,2.07,175.44,1.62,0.9,2.28,30.68,1.54
Australia,2013,2.9,2.2,5.2,2.45,124.77,1.77,0.9,2.58,41.27,3.46
Austria,2013,2,3.1,5.1,2,92.56,1.83,0.61,0.03,104.07,0.1
Belgium,2013,4.1,2.8,7,1.11,56.41,1.46,0.66,0.46,157.85,-5.68
Czech Republic,2013,1.7,2,3.7,1.44,50.61,1.02,0.47,-0.05,146.42,3.48
Denmark,2013,6.9,3,9.9,0.79,177.02,1.9,0.72,0.93,103.05,0.2
Finland,2013,2.7,2,4.7,1.48,92.94,1.96,0.67,-0.9,77.09,-1.81
France,2013,5.6,3.2,8.8,0.86,96.02,1.4,0.75,0.58,59.76,1.12
Germany,2013,3.1,3.6,6.7,1.5,82.27,1.64,0.71,0.44,85.08,1.8
Greece,2013,0.9,1.3,2.2,-0.92,118.61,0.47,0.58,-2.52,62.88,1.23
Hungary,2013,1.4,1.2,2.6,1.73,46.08,0.58,0.47,1.8,164.35,-2.64
Iceland,2013,0.2,2.3,2.5,3.87,107.18,1.65,0.55,4.55,98.79,2.93
Ireland,2013,15.2,3.5,18.7,0.51,104.37,1.71,0.71,1.13,189.24,29.71
Israel,2013,2.5,2.2,4.7,1.58,64.84,0.97,0.58,4.42,64.64,3.98
Italy,2013,5.3,2.1,7.3,1.22,90.84,0.44,0.74,-1.84,54.87,0.91
Japan,2013,6.3,1.5,7.8,0.34,160.76,1.44,0.83,2.01,33.98,0.2
Korea,2013,7.2,4.5,11.7,1.3,128.49,0.95,0.85,3.16,97.95,0.93
Luxembourg,2013,34.5,3,37.5,1.73,86.66,1.81,0.72,3.17,320.53,35.73
Mexico,2013,1,1.1,2.1,3.81,29.02,-0.55,0.4,1.35,63.76,3.99
Netherlands,2013,2.8,3,5.7,2.51,113.84,1.83,0.73,-0.13,149.55,37.47
Norway,2013,2.6,2.2,4.9,2.12,124.98,1.97,0.65,1.03,56.02,-0.26
Poland,2013,1.9,1.6,3.5,0.99,51.91,0.84,0.46,0.86,90.78,0.2
Portugal,2013,5.3,2,7.2,0.27,143.09,1.04,0.68,-0.92,78.11,6.95
Slovak Republic,2013,1.7,1.3,3,1.4,47.78,0.46,0.29,0.63,181.35,1.01
Slovenia,2013,1.3,3.8,5.1,1.77,65.35,0.99,0.44,-1.03,143.76,0.21
Spain,2013,2.5,2.8,5.3,1.41,146.47,1.03,0.84,-1.4,61.98,3.49
Sweden,2013,2.4,1.9,4.3,-0.04,130.42,1.95,0.81,1.19,80.82,0.22
Switzerland,2013,4.9,4,8.9,-0.22,164.06,1.8,0.95,1.79,133.69,-3.53
Turkey,2013,0.2,1.1,1.3,7.49,60.25,0,0.51,8.49,52.53,1.42
United Kingdom,2013,8,3,11,2.29,149.47,1.69,0.85,1.82,61.66,1.96
United States,2013,4.6,6,10.7,1.46,184.57,1.55,0.9,1.84,30,1.71
Australia,2014,3.8,2.2,6,2.49,128.5,1.92,0.9,2.58,42.47,4.31
Austria,2014,2,3.1,5.1,1.61,87.56,1.94,0.6,0.66,103.5,0.39
Belgium,2014,4,2.9,6.9,0.34,57.89,1.55,0.64,1.58,158.78,-2.84
Czech Republic,2014,1.6,1.9,3.6,0.34,49.46,1.14,0.47,2.26,157.57,3.86
Denmark,2014,7.1,3.3,10.4,0.56,173.33,2.1,0.68,1.62,102.26,1.86
Finland,2014,2.9,2.1,5.1,1.04,92.9,2.12,0.64,-0.36,74.11,6.38
France,2014,6,3.2,9.2,0.51,94.09,1.45,0.76,0.96,60.48,0.2
Germany,2014,3,3.5,6.5,0.91,79.31,1.85,0.72,2.21,84.62,0.5
Greece,2014,1.1,1.1,2.1,-1.31,117.12,0.37,0.61,0.48,66.53,1.15
Hungary,2014,1.4,1.1,2.5,-0.23,42.56,0.51,0.43,4.23,168.39,9.26
Iceland,2014,0.2,2.2,2.4,2.04,94.23,1.7,0.51,1.69,96.67,4.29
Ireland,2014,16.5,3.4,19.9,0.18,80.58,1.76,0.69,8.65,202.24,37.57
Israel,2014,2.4,2.2,4.6,0.49,65.08,1.11,0.57,3.92,62.16,1.92
Italy,2014,6.8,2,8.8,0.24,88.65,0.42,0.76,0,55.32,0.79
Japan,2014,6.7,1.6,8.1,2.76,161.7,1.6,0.84,0.3,37.43,0.4
Korea,2014,7.1,4.9,12,1.27,131.56,1.01,0.84,3.2,90.61,0.62
Luxembourg,2014,39,2.6,41.6,0.63,86.31,1.9,0.73,2.62,333.43,29.16
Mexico,2014,1,1.1,2,4.02,29.24,-0.41,0.38,2.85,64.93,2.16
Netherlands,2014,2.6,2.8,5.4,0.98,116.42,1.97,0.72,1.42,150.05,13.18
Norway,2014,2.9,2.4,5.3,2.04,129.1,2.02,0.67,1.97,55.16,0.65
Poland,2014,1.7,1.5,3.2,0.05,52.92,0.87,0.45,3.84,92.57,3.79
Portugal,2014,5.9,1.9,7.8,-0.28,129.75,1.12,0.74,0.79,80.28,5.24
Slovak Republic,2014,1.6,1.3,2.9,-0.08,49.64,0.49,0.28,2.7,178.03,-0.36
Slovenia,2014,1.3,3.7,4.9,0.2,54.5,1,0.38,2.77,145.55,2.04
Spain,2014,2.4,2.7,5.2,-0.15,130.15,0.97,0.88,1.4,63.84,2.4
Sweden,2014,6,2.3,8.2,-0.18,129.37,1.98,0.8,2.66,82.93,-1.48
Switzerland,2014,4.9,3.9,8.7,-0.01,165.12,1.99,0.95,2.35,120.21,2.89
Turkey,2014,0.2,1.1,1.2,8.85,63.47,-0.08,0.52,4.94,53.77,1.42
United Kingdom,2014,7.9,2.8,10.7,1.45,135.49,1.87,0.9,3.2,58.86,1.92
United States,2014,4.5,6.3,10.8,1.62,185.4,1.61,0.91,2.29,30,1.44
Australia,2015,3.5,2.2,5.7,1.51,136.43,1.82,0.92,2.15,41.62,3.47
Austria,2015,1.9,3.1,5,0.9,85.89,1.84,0.6,1.01,102.43,-2.09
Belgium,2015,3.7,2.8,6.4,0.56,60.63,1.48,0.68,2.04,154.19,-4.22
Czech Republic,2015,1.3,1.9,3.2,0.31,49.54,1.13,0.47,5.39,155.18,0.9
Denmark,2015,7.3,3.2,10.5,0.45,169.97,2.04,0.68,2.34,104.05,0.61
Finland,2015,3,2.1,5,-0.21,94.45,2.08,0.66,0.54,71.38,7.46
France,2015,6.2,3.2,9.4,0.04,95.07,1.39,0.79,1.11,61.75,1.76
Germany,2015,2.9,3.4,6.3,0.51,78.12,1.79,0.74,1.49,86.25,1.86
Greece,2015,1,1,2,-1.74,112.79,0.27,0.54,-0.2,65.28,0.65
Hungary,2015,1.2,1.1,2.4,-0.06,35.12,0.4,0.43,3.71,167.32,-4.21
Iceland,2015,0.2,2.1,2.3,1.63,87.23,1.66,0.52,4.44,95.82,6.54
Ireland,2015,13.2,3.3,16.4,-0.29,53.08,1.76,0.67,24.37,215.43,81.25
Israel,2015,2.5,2.2,4.7,-0.63,65.73,1.16,0.59,2.49,59.21,3.74
Italy,2015,6.9,1.9,8.9,0.04,87.33,0.31,0.78,0.78,56.42,0.72
Japan,2015,6.7,1.6,8.3,0.8,160.94,1.51,0.86,1.56,35.43,0.12
Korea,2015,7.1,4.8,11.9,0.71,132.14,0.93,0.84,2.81,79.13,0.28
Luxembourg,2015,32.4,2.7,35.2,0.47,91.78,1.87,0.72,2.27,351.13,75.63
Mexico,2015,1,1.1,2.1,2.72,31.92,-0.43,0.38,3.29,71.09,3.09
Netherlands,2015,2.1,2.7,4.8,0.6,111.6,1.94,0.72,1.96,157.82,43.49
Norway,2015,3,2.4,5.4,2.17,138.68,2,0.69,1.97,54.88,1.89
Poland,2015,1.5,1.4,3,-0.87,53.64,0.83,0.45,4.38,92.82,3.27
Portugal,2015,4.7,2,6.7,0.49,119.83,1.13,0.69,1.79,80.49,0.64
Slovak Republic,2015,1.4,1.3,2.7,-0.33,52.5,0.49,0.29,5.17,180.19,1.71
Slovenia,2015,1.3,3.6,4.8,-0.53,49.88,0.97,0.36,2.21,146.3,4.01
Spain,2015,2.4,2.7,5,-0.5,119.21,0.91,0.88,3.84,64.18,1.93
Sweden,2015,5.8,1.9,7.7,-0.05,126.63,2.02,0.8,4.49,83.72,2.03
Switzerland,2015,4.8,3.9,8.7,-1.14,166.78,1.94,0.98,1.64,117.14,17.11
Turkey,2015,0.2,1.2,1.3,7.67,66.48,-0.21,0.51,6.08,51.09,2.23
United Kingdom,2015,7.5,2.6,10.1,0.37,130.56,1.8,0.89,2.39,56.91,1.54
United States,2015,4.5,6.6,11.1,0.12,180.73,1.59,0.91,2.71,27.81,2.81
Australia,2016,2.9,2.2,5.1,1.28,142.7,1.75,0.91,2.73,40.82,3.56
Austria,2016,1.7,3,4.7,0.89,83.14,1.79,0.62,1.99,100.98,-7.31
Belgium,2016,3.5,2.7,6.2,1.97,63.38,1.42,0.65,1.27,157.67,12.09
Czech Republic,2016,1.2,1.8,3,0.68,51.06,1.01,0.46,2.54,150.59,5.53
Denmark,2016,7.3,3.1,10.4,0.25,166.56,1.91,0.65,3.25,100.17,2.49
Finland,2016,2.1,2,4.1,0.36,94,2.04,0.65,2.81,70.9,2.13
France,2016,6.2,4.5,10.7,0.18,97.39,1.38,0.79,1.1,61.1,1.33
Germany,2016,2.7,3.5,6.2,0.49,77.45,1.61,0.72,2.23,84.77,1.86
Greece,2016,1,1,2,-0.83,108.6,0.13,0.52,-0.49,64.02,1.4
Hungary,2016,1.2,1.2,2.4,0.39,33.42,0.43,0.43,2.2,164.4,54.18
Iceland,2016,0.2,2.1,2.3,1.7,84.19,1.51,0.53,6.3,88.33,-5.13
Ireland,2016,12.3,5.4,17.7,0.01,48.39,1.49,0.67,2.01,227.74,34.41
Israel,2016,2.5,2.2,4.7,-0.55,64.7,1.06,0.56,4.52,58.04,3.72
Italy,2016,6,1.9,7.9,-0.09,84.94,0.39,0.76,1.29,55.37,1.37
Japan,2016,5.9,1.7,7.6,-0.13,161.82,1.41,0.85,0.75,31.31,0.82
Korea,2016,6.9,4.9,11.7,0.97,134.83,1.15,0.84,2.95,73.6,0.81
Luxembourg,2016,29.7,2.8,32.5,0.29,96.25,1.75,0.74,4.98,348.44,28.26
Mexico,2016,1,1.2,2.2,2.82,33.98,-0.56,0.39,2.63,76.06,3.61
Netherlands,2016,1.9,7.9,9.8,0.32,114.57,1.88,0.72,2.19,148.86,30.75
Norway,2016,3,2.6,5.7,3.55,145.81,2.03,0.68,1.07,52.49,-5.06
Poland,2016,1.3,1.6,2.9,-0.66,54.72,0.62,0.45,2.95,97.54,3.78
Portugal,2016,3.5,2.1,5.6,0.61,111.26,1.07,0.72,2.02,79.27,3.56
Slovak Republic,2016,2.4,1.4,3.8,-0.52,56.92,0.62,0.29,1.94,184.03,5.27
Slovenia,2016,1.2,3.5,4.7,-0.05,46.64,1.08,0.36,3.19,146.66,3.23
Spain,2016,2.8,2.7,5.5,-0.2,111.75,0.99,0.87,3.04,63.74,3.59
Sweden,2016,5.7,1.7,7.4,0.98,128.52,1.98,0.79,2.07,82.32,3.03
Switzerland,2016,4.5,3.9,8.4,-0.43,170.39,1.94,0.97,2.07,123.57,24.25
Turkey,2016,0.2,1.3,1.5,7.78,69.37,-0.33,0.51,3.32,48.33,1.59
United Kingdom,2016,6,3.5,9.5,1.01,131.83,1.67,0.88,2.17,59.26,12.03
United States,2016,4.5,6.8,11.2,1.26,183.64,1.61,0.9,1.67,26.59,2.54
Australia,2017,2.4,2.2,4.6,1.95,140.58,1.68,0.9,2.28,41.95,3.63
Austria,2017,1.6,3,4.6,2.08,84.26,1.83,0.61,2.26,104.94,3.24
Belgium,2017,3.3,2.7,6,2.13,65.1,1.35,0.69,1.62,165.33,-7.42
Czech Republic,2017,1.1,1.7,2.9,2.45,50.91,1.12,0.47,5.17,150.53,5.14
Denmark,2017,7.8,3.2,10.9,1.15,161.81,1.84,0.67,2.82,102.98,1.09
Finland,2017,2,1.9,3.9,0.75,93.37,2.06,0.65,3.19,75.05,6.71
France,2017,6.1,4.5,10.6,1.03,101.37,1.43,0.82,2.29,62.96,1.38
Germany,2017,2.7,3.7,6.4,1.51,77.59,1.6,0.71,2.68,87.24,2.97
Greece,2017,1.1,1,2.1,1.12,100.92,0.07,0.52,1.09,71.58,1.72
Hungary,2017,1.2,1.2,2.4,2.35,32.44,0.56,0.43,4.27,165.23,-8.48
Iceland,2017,0.2,2.2,2.4,1.76,86.82,1.6,0.53,4.19,86.98,-28.31
Ireland,2017,11.8,2.7,14.6,0.34,44.14,1.41,0.69,9.01,220,17.33
Israel,2017,2.6,2.3,4.9,0.24,64.68,1.02,0.57,4.28,56.56,4.72
Italy,2017,5.7,1.9,7.5,1.23,80.78,0.34,0.8,1.67,58.6,0.57
Japan,2017,5.7,1.6,7.3,0.48,167.19,1.56,0.89,1.68,34.42,0.38
Korea,2017,6.2,4.8,11,1.94,136.49,1.16,0.83,3.16,77.12,1.1
Luxembourg,2017,33.9,3,36.9,1.73,100.47,1.73,0.73,1.32,353.79,-41.65
Mexico,2017,1,1.3,2.3,6.04,35.29,-0.57,0.39,2.11,77.12,2.86
Netherlands,2017,1.8,7.7,9.5,1.38,111.14,1.79,0.74,2.91,156.03,27.27
Norway,2017,2.8,2.3,5.1,1.88,146.49,2.01,0.66,2.32,54.18,1.48
Poland,2017,1.2,1.8,3,2.08,52.64,0.42,0.47,5.14,101.28,2.29
Portugal,2017,3.4,2.1,5.5,1.37,102.63,1.13,0.7,3.51,84.44,4.83
Slovak Republic,2017,3.9,1.4,5.3,1.31,60.08,0.54,0.29,2.94,188.06,4.42
Slovenia,2017,1.2,3.5,4.7,1.43,45.06,1.02,0.36,4.82,157.27,2.46
Spain,2017,2.5,2.7,5.2,1.96,105.84,1.05,0.9,2.98,66.66,2.4
Sweden,2017,6.2,1.7,7.9,1.79,131.28,1.85,0.78,2.57,84.93,4.54
Switzerland,2017,4.3,4,8.3,0.53,171.44,1.92,0.95,1.36,123.62,20.6
Turkey,2017,0.3,1.2,1.4,11.14,70.48,-0.3,0.53,7.5,55.76,1.3
United Kingdom,2017,9,3.5,12.5,2.56,133.11,1.68,0.91,2.44,62.8,4.67
United States,2017,4.4,6.8,11.2,2.13,191.63,1.64,0.91,2.24,27.28,1.96
Australia,2018,2.1,2.1,4.2,1.91,139.97,1.71,0.89,2.88,43.39,4.25
Austria,2018,1.4,3,4.5,2,84.41,1.89,0.63,2.43,107.92,-6.29
Belgium,2018,3.4,2.7,6.1,2.05,68.09,1.37,0.66,1.79,166.49,-7.66
Czech Republic,2018,1,1.7,2.8,2.15,51.33,1.05,0.46,3.22,147.95,3.34
Denmark,2018,8,3.1,11.1,0.81,161.26,1.81,0.67,1.99,106.97,2.46
Finland,2018,1.9,2,3.9,1.08,94.25,2.07,0.63,1.14,78.19,-3.83
France,2018,6.1,4.5,10.6,1.85,104.27,1.43,0.81,1.87,64.44,2.78
Germany,2018,2.7,3.7,6.4,1.73,78.18,1.62,0.72,0.98,88.52,4.2
Greece,2018,1,1.1,2.1,0.63,91.74,0.13,0.49,1.67,80.15,1.9
Hungary,2018,1.1,1.2,2.3,2.85,32.39,0.58,0.43,5.36,163.26,-40.09
Iceland,2018,0.2,2.2,2.4,2.68,90.9,1.71,0.5,4.89,89.96,-2.37
Ireland,2018,9.4,2.4,12.1,0.49,40.75,1.44,0.67,8.53,217.08,17.46
Israel,2018,2.7,2.3,5,0.82,65.42,0.99,0.58,4.07,58.91,5.71
Italy,2018,5.8,1.9,7.6,1.14,76.72,0.26,0.77,0.93,60.3,2.12
Japan,2018,6,1.7,7.7,0.99,166.88,1.53,0.89,0.58,36.63,0.5
Korea,2018,5.8,4.6,10.5,1.48,141.16,1.23,0.81,2.91,78.99,0.71
Luxembourg,2018,31.5,2.8,34.3,1.53,105.62,1.8,0.73,1.22,362.42,-36.68
Mexico,2018,1,1.2,2.3,4.9,34.55,-0.63,0.39,2.19,80.56,3.1
Netherlands,2018,1.5,7.8,9.3,1.7,105.49,1.78,0.73,2.36,158.82,-36.14
Norway,2018,2.8,2.2,5,2.76,143.4,1.96,0.66,1.12,55.79,-1.3
Poland,2018,1,1.8,2.8,1.81,52.41,0.4,0.44,5.95,103.45,3.26
Portugal,2018,3.8,2,5.8,0.99,97.01,1.14,0.68,2.85,86.43,3.24
Slovak Republic,2018,1.5,1.4,2.9,2.51,61.72,0.5,0.28,4.03,189.8,2.12
Slovenia,2018,1.1,3.5,4.7,1.74,43.31,1.05,0.35,4.45,161.14,2.84
Spain,2018,2.4,2.7,5.1,1.67,99.52,1.01,0.84,2.28,67.57,4.12
Sweden,2018,6.7,1.9,8.6,1.95,131.87,1.82,0.78,1.95,89.13,-0.25
Switzerland,2018,4.1,3.9,8,0.94,173.54,1.92,0.96,2.86,124.43,-22.11
Turkey,2018,0.2,1.1,1.3,16.33,67.54,-0.37,0.52,2.98,62.55,1.6
United Kingdom,2018,9.5,3.5,13,2.29,133.65,1.63,0.91,1.71,64,-0.87
United States,2018,4.4,6.9,11.3,2.44,180.46,1.51,0.92,2.95,27.61,1.05
Australia,2019,1.6,2.1,3.7,1.61,136.26,1.73,0.88,2.17,45.83,2.8
Austria,2019,1.4,3.1,4.4,1.53,85.98,1.9,0.61,1.52,107.89,-2.79
Belgium,2019,3.4,2.7,6.1,1.44,69.48,1.37,0.66,2.24,164.18,-3.99
Czech Republic,2019,0.9,1.9,2.8,2.85,50.27,1.05,0.46,3.03,141.77,4.26
Denmark,2019,7.9,3,10.9,0.76,161.39,1.87,0.67,1.49,110.22,-1.1
Finland,2019,2.5,2,4.5,1.02,95.38,2.05,0.64,1.22,79.61,5.81
France,2019,6.1,4.5,10.6,1.11,106.67,1.4,0.81,1.84,64.14,1.96
Germany,2019,2.9,3.7,6.6,1.45,79.4,1.61,0.7,1.06,87.69,1.84
Greece,2019,1.1,1.1,2.2,0.25,81.01,0.18,0.49,1.88,81.88,2.44
Hungary,2019,1.1,1.3,2.4,3.34,33.36,0.52,0.44,4.86,160.78,60.19
Iceland,2019,0.2,2.2,2.4,3.01,88.28,1.76,0.49,2.42,84.21,-2.24
Ireland,2019,9,2.6,11.8,0.94,36.77,1.38,0.66,5.44,252.25,-11.68
Israel,2019,2.7,2.2,4.9,0.84,64.16,1.04,0.57,4.16,56.35,4.31
Italy,2019,5.9,1.9,7.8,0.61,73.74,0.3,0.77,0.48,59.88,1.55
Japan,2019,5.5,1.7,7.3,0.47,174.63,1.53,0.9,-0.24,35.18,0.78
Korea,2019,6.1,5,11.1,0.38,151.26,1.19,0.83,2.24,75.76,0.58
Luxembourg,2019,34.5,3.4,37.8,1.74,109.08,1.79,0.73,2.32,377.84,18.33
Mexico,2019,1.1,1.3,2.4,3.64,36.57,-0.65,0.39,-0.2,77.9,2.36
Netherlands,2019,1.5,7.7,9.2,2.63,100.66,1.77,0.68,1.96,155.27,-1.56
Norway,2019,3.1,2.4,5.4,2.17,150.79,1.98,0.65,0.75,54.34,4.03
Poland,2019,0.9,1.7,2.7,2.23,50.79,0.41,0.43,4.45,102.69,2.96
Portugal,2019,3.2,2.1,5.3,0.34,93.41,1.13,0.65,2.68,86.56,4.3
Slovak Republic,2019,1.3,1.4,2.7,2.66,62.54,0.52,0.28,2.52,183.48,2.16
Slovenia,2019,1.1,3.7,4.8,1.63,42.38,1.11,0.38,3.45,158.8,3.96
Spain,2019,2.2,2.7,4.9,0.7,95.03,1.02,0.81,1.98,66.87,1.86
Sweden,2019,6.9,2,8.8,1.78,131.09,1.82,0.73,1.99,91.43,3.09
Switzerland,2019,4.1,3.9,8,0.36,176.53,1.9,0.92,1.14,124.13,1.22
Turkey,2019,0.3,1.1,1.4,15.18,65.6,-0.33,0.52,0.78,62.69,1.26
United Kingdom,2019,8.9,2.8,11.7,1.74,132.3,1.6,0.91,1.6,64.13,0.69
United States,2019,4.5,7,11.5,1.81,191.24,1.45,0.91,2.29,26.45,1.47
Australia,2020,1.2,2.3,3.5,0.85,142.39,1.64,0.91,-0.05,44.23,1.15
Austria,2020,1.4,3.3,4.7,1.38,92.87,1.8,0.62,-6.45,100.22,-2.68
Belgium,2020,3.2,2.8,6.1,0.74,76.78,1.36,0.64,-5.36,157.18,-4.64
Czech Republic,2020,0.9,2,2.9,3.16,53.07,1.05,0.45,-5.5,133.15,3.46
Denmark,2020,8.4,3,11.3,0.42,163.72,1.85,0.66,-1.99,103.51,0.45
Finland,2020,1.7,1.9,3.6,0.29,101.03,2.07,0.64,-2.21,71.63,-0.91
France,2020,5.2,4.8,10,0.48,125.82,1.32,0.8,-7.78,56.86,0.56
Germany,2020,3,4,6.9,0.14,84.92,1.55,0.75,-3.7,80.4,3.67
Greece,2020,1.3,1.2,2.5,-1.25,82.32,0.32,0.48,-9,71.67,1.75
Hungary,2020,1.1,1.4,2.5,3.33,37.94,0.51,0.46,-4.55,155.53,106.6
Iceland,2020,0.2,2.3,2.5,2.85,99.95,1.79,0.48,-6.84,69.46,-4.05
Ireland,2020,8.1,2.6,10.9,-0.33,33.11,1.49,0.64,6.18,247.77,8.17
Israel,2020,2.6,2.2,4.8,-0.59,67.55,0.97,0.59,-1.86,50.88,5.59
Italy,2020,6.1,2,8.1,-0.14,83.12,0.24,0.77,-9.04,55.29,-1.16
Japan,2020,5.3,1.8,7.1,-0.02,193.52,1.51,0.92,-4.51,31.36,1.2
Korea,2020,6.2,5.3,11.5,0.54,164.14,1.18,0.83,-0.71,69.03,0.53
Luxembourg,2020,27.4,3.5,30.9,0.82,109.73,1.78,0.74,-0.8,365.22,138.21
Mexico,2020,1.2,1.4,2.5,3.4,38.15,-0.65,0.41,-7.99,76.9,2.89
Netherlands,2020,1.5,8.1,9.6,1.27,102.86,1.75,0.67,-3.89,146.46,-24.04
Norway,2020,3.1,2.8,5.9,1.29,165.99,1.97,0.66,-0.72,44.22,-1.13
Poland,2020,0.9,1.7,2.6,3.37,49.8,0.53,0.45,-2.02,100.32,3.19
Portugal,2020,2.1,2.3,4.5,-0.01,104.34,1.18,0.65,-8.3,76.24,1.74
Slovak Republic,2020,1.3,1.4,2.6,1.94,66.28,0.67,0.28,-3.37,168.51,-1.07
Slovenia,2020,1.1,3.9,5,-0.05,43.31,1.06,0.34,-4.32,146.24,0.94
Spain,2020,1.9,3.1,5,-0.32,108.65,0.89,0.83,-11.33,60.14,2.87
Sweden,2020,7.8,2,9.8,0.5,137.75,1.8,0.72,-2.17,83.21,3.46
Switzerland,2020,3.5,4.1,7.6,-0.73,178.04,1.82,0.95,-2.38,122.17,-34.78
Turkey,2020,0.3,1.2,1.5,12.28,75.16,-0.41,0.54,1.94,60.96,1.07
United Kingdom,2020,8.2,2.9,11.2,0.99,146.62,1.49,0.89,-11.03,58.12,4.9
United States,2020,5,7.6,12.5,1.23,215.78,1.36,0.91,-2.77,23.38,0.71
Australia,2021,1.1,2.2,3.3,2.86,139.04,1.67,0.9,2.24,39.87,1.6
Austria,2021,1.3,3.2,4.6,2.77,93.09,1.79,0.65,4.56,111.22,2.57
Belgium,2021,3.1,3.2,6.2,2.44,75.31,1.33,0.65,6.13,172.67,4.05
Czech Republic,2021,0.8,2,2.9,3.84,53.73,1.13,0.46,3.54,142.5,2.7
Denmark,2021,8.6,3,11.5,1.85,158.27,1.94,0.67,4.86,112.18,3.69
Finland,2021,2,2,4,2.19,99.1,2.06,0.64,2.97,78.6,8.03
France,2021,6.1,4.6,10.6,1.64,121.07,1.29,0.8,6.82,60.84,2.99
Germany,2021,2.8,3.9,6.7,3.07,84.55,1.61,0.74,2.63,88.74,1.73
Greece,2021,1.3,1.1,2.4,1.22,57.09,0.35,0.48,8.43,89.46,2.85
Hungary,2021,1.1,1.3,2.4,5.11,38.72,0.53,0.45,7.12,162.79,16.14
Iceland,2021,0.2,2.3,2.5,4.44,101.98,1.75,0.48,4.4,78.18,0.42
Ireland,2021,9.3,2.2,11.5,2.36,27.86,1.53,0.65,13.59,229.45,16.07
Israel,2021,2.4,2.1,4.5,1.49,69.37,0.94,0.58,8.61,54.96,4.4
Italy,2021,6,1.9,7.9,1.87,78.58,0.27,0.77,6.74,62.98,0.9
Japan,2021,5.3,1.8,7.1,-0.23,196.62,1.58,0.91,1.66,37.38,0.67
Korea,2021,5.8,5.2,11,2.5,171.53,1.13,0.83,4.15,80.49,1.22
Luxembourg,2021,33.6,4.4,38,2.53,104.57,1.79,0.74,5.1,388.12,-10.59
Mexico,2021,1.1,1.4,2.5,5.69,36.42,-0.8,0.41,4.72,83.62,2.62
Netherlands,2021,1.9,7.5,9.4,2.68,97.74,1.74,0.67,4.86,155.7,-13.99
Norway,2021,3.3,2.4,5.7,3.48,143.61,1.95,0.66,3.88,49.1,2.94
Poland,2021,0.8,1.7,2.5,5.06,46.38,0.44,0.44,6.85,112.45,5.46
Portugal,2021,3.5,2.4,5.9,1.27,99.79,1.13,0.66,5.48,86.17,3.1
Slovak Republic,2021,1.1,1.3,2.4,3.15,67.34,0.71,0.28,3.01,187.83,0.83
Slovenia,2021,1.1,3.7,4.8,1.92,40.96,1.03,0.36,8.21,160.92,3.48
Spain,2021,1.9,2.9,4.9,3.09,100.76,0.88,0.83,5.52,68.38,3.08
Sweden,2021,9.2,2,11.2,2.16,135.83,1.73,0.72,5.08,86.69,8.29
Switzerland,2021,3.1,4,7.1,0.58,184.11,1.81,0.94,4.22,130.85,1.16
Turkey,2021,0.3,1.1,1.4,19.6,72.42,-0.42,0.53,11.35,70.83,1.63
United Kingdom,2021,8.4,2.9,11.3,2.52,138.91,1.43,0.9,7.52,56.67,0.19
United States,2021,4.8,7.5,12.4,4.7,216.33,1.42,0.91,5.95,25.48,1.92